sex,exercise_group,age,heart_rate
M,control,72.1872547782902,69.54557043761437
M,moderate intensity,73.17484948952749,70.66954149988534
M,high intensity,73.85562068437993,68.64439094016969
M,control,74.2612484206938,74.52743103499269
M,moderate intensity,72.91088767626731,71.21113740766927
M,high intensity,73.30862277089474,58.36960670968431
M,control,73.329323663244807,63.803540466213555
M,moderate intensity,73.05441744315321,70.0649219723496
M,high intensity,72.11617224013762,52.78064105213205
M,control,73.06627283489907,68.79870910818069
M,moderate intensity,72.90030144746899,67.29519955969002
M,high intensity,71.997997032278107,64.5325133256348
M,control,71.90096111327202,76.05277408182675
M,moderate intensity,73.4950709865757,67.96283952872353
M,high intensity,73.28777701012615,62.56589201327758
M,control,73.57048610561674,62.07126033809844
M,moderate intensity,72.70460286631453,75.38991367345692
M,high intensity,72.02518450649903,55.50488348159934
M,control,73.25408195819378,70.54347597391053
M,moderate intensity,71.12277013712773,75.25257961377217
M,high intensity,73.74120197010434,66.6507787775722
M,control,73.96370527245048,67.3129468790366
M,moderate intensity,73.35915005711682,67.75961077881767
M,high intensity,73.75112214450597,56.6860010238545
M,control,72.44093699382148,62.2650461825282
M,moderate intensity,71.54986037175792,72.45529245073702
M,high intensity,73.63193850457036,67.78703118617567
M,control,75.23286640134174,61.74171922554752
M,moderate intensity,72.174843004911,74.32836094964004
M,high intensity,72.11391882860524,66.74987413406818
M,control,72.3256835313918,62.815026657813505
M,moderate intensity,73.76700216090555,67.45271462470608
M,high intensity,74.74988171553211,50.93785430468236
M,control,72.90508443659498,66.08397807145786
M,moderate intensity,72.97135378276805,77.1535711610356
M,high intensity,72.41845161516851,70.01468927406889
M,control,73.89802151275035,60.73453760836626
M,moderate intensity,73.15625158509688,69.93123155002627
M,high intensity,73.21759234566423,69.07414606696427
M,control,71.21179501532714,63.091870760774974
M,moderate intensity,71.78980512576327,62.13629880243994
M,high intensity,74.01828348983192,65.24619428976115
M,control,70.87570946615952,59.469281675975274
M,moderate intensity,73.86339214874076,64.34809038964703
M,high intensity,74.98836111156112,73.7387207103445
M,control,72.43548646572921,72.7874985368435
M,moderate intensity,72.90845504857143,72.57940098034763
M,high intensity,71.62194111037755,67.33238299781479
M,control,70.36343922801073,63.437953826956836
M,moderate intensity,72.46288166934276,72.22894844495178
M,high intensity,73.00545220848875,56.23937026870287
M,control,72.27252076509347,69.23454700396391
M,moderate intensity,73.22771774798416,71.81548810847555
M,high intensity,71.6272499539371,57.9292694787583
M,control,71.87323312991484,62.546705666229315
M,moderate intensity,72.80898279763936,72.03941935588483
M,high intensity,71.71693160969508,63.92226024775594
M,control,72.45076026815556,62.906510325951764
M,moderate intensity,73.14543234360472,75.43606264561663
M,high intensity,73.4912238079267,61.20742948315278
M,control,72.61965234057512,74.48393686127001
M,moderate intensity,73.58543956236188,70.41038007685287
M,high intensity,73.62424690730785,54.7320323564344
M,control,73.6503254106614,71.59920694300462
M,moderate intensity,72.4113870395583,66.1570473075385
M,high intensity,72.78696844251955,66.97277399868952
M,control,70.59436900829681,77.13154323998896
M,moderate intensity,72.73187000803655,71.69992761788116
M,high intensity,70.91681386164295,61.70291566594685
M,control,74.00043277777722,61.4536084111207
M,moderate intensity,72.8469691657832,64.32890422603074
M,high intensity,72.78824300512224,57.37880211963216
M,control,72.00903600792292,65.95092905746907
M,moderate intensity,72.39114110152187,64.92029375961232
M,high intensity,72.39825873615523,71.41166762875389
M,control,72.38589643403127,63.00089225705596
M,moderate intensity,72.15554643177032,68.47366321634053
M,high intensity,73.9682374019532,53.713922817704294
M,control,73.40654642832558,61.69259147287181
M,moderate intensity,71.88244909158766,69.33347884712607
M,high intensity,73.52562215614614,56.03030722747221
M,control,72.06343455177225,65.29850987608748
M,moderate intensity,72.89328157609422,78.29098048694101
M,high intensity,72.62694338012577,63.356210253183775
M,control,72.65039983353442,65.50099624282362
M,moderate intensity,72.03715153400802,64.36435662732612
M,high intensity,72.01590421325099,63.53243773488567
M,control,72.35003655651015,68.74651611269115
M,moderate intensity,73.70057714794268,67.15740464747692
M,high intensity,74.27329629422631,58.49062133391781
M,control,73.79313777882396,71.64805206770808
M,moderate intensity,73.37825302035839,67.50109011269346
M,high intensity,73.30731910302545,69.80783166385338
M,control,71.55530815453332,66.13196900735139
M,moderate intensity,72.13524590551812,74.05213499625616
M,high intensity,70.72967688746614,59.20760201133852
M,control,72.98115363511091,72.35069114877645
M,moderate intensity,73.50241743877989,72.47506141066593
M,high intensity,72.46204855977341,57.50962951282071
M,control,73.53232590422913,70.61162246330483
M,moderate intensity,72.06092977903931,68.90897210308366
M,high intensity,73.64807393021565,64.5501737677242
M,control,73.04851003804791,64.78613993602458
M,moderate intensity,72.63578730233287,74.59465282770712
M,high intensity,73.56477689884204,59.763389986174396
M,control,72.9289949790203,54.93431105936918
M,moderate intensity,73.8801041049499,64.39287310725364
M,high intensity,72.03001628480047,58.55089229627035
M,control,72.66601974963528,68.02397510407094
M,moderate intensity,71.57275180926513,76.32399188187212
M,high intensity,71.37622432166575,64.38087917551938
M,control,73.33134798086961,63.3304190642347
M,moderate intensity,72.17203984670384,70.05399443871106
M,high intensity,72.59074433704052,63.98946148224222
M,control,72.0841953099797,66.27694781792569
M,moderate intensity,74.7257154583074,69.20368293993806
M,high intensity,71.76985163398086,57.08395555185345
M,control,73.34583061583051,72.57741073971125
M,moderate intensity,71.8457899719378,62.11850947638588
M,high intensity,73.06247096605622,64.89857728736652
M,control,73.32062706406532,67.10456958918685
M,moderate intensity,73.08200261157181,69.75509529788017
M,high intensity,73.28933238434601,55.04778527545145
M,control,71.94437880711818,68.7516079888705
M,moderate intensity,71.31097448376411,73.883482998994
M,high intensity,74.07072785873638,54.542769221012946
M,control,73.05630243533439,68.40089597636091
M,moderate intensity,72.95483936232111,80.59801295467756
M,high intensity,72.60572631430328,60.35608462553351
M,control,74.71765114625761,61.54524870825084
M,moderate intensity,72.5850672034272,78.31467287333464
M,high intensity,71.18753648494913,59.952029946159115
M,control,72.46225447366294,59.24440717877535
M,moderate intensity,72.91574886519251,72.44562352926954
M,high intensity,71.85131538004947,64.30628796442903
M,control,73.07045775732581,66.36515121261712
M,moderate intensity,73.63026752080346,60.93442453189255
M,high intensity,73.48594902247572,69.16042174219061
M,control,73.15572002874767,61.911894483880005
M,moderate intensity,71.94298339593001,78.77803969836104
M,high intensity,74.35268779502061,64.70992745528537
M,control,72.00252751553334,69.11081572231132
M,moderate intensity,74.45727076622899,68.19354126287752
M,high intensity,73.47200174599475,72.3208760403874
M,control,74.5905494851245,56.73256274034939
M,moderate intensity,72.52744768113793,74.92170486440895
M,high intensity,72.45304211335483,64.61835410190076
M,control,70.62711963905413,67.15867462931408
M,moderate intensity,71.73290296642764,67.28689050333767
M,high intensity,72.59349242902258,57.38891800676997
M,control,72.10466002642367,66.96557704943486
M,moderate intensity,74.8502004132083,70.14555068702279
M,high intensity,71.75104159455377,75.01478381241925
M,control,71.0474611979139,60.2942557352852
M,moderate intensity,72.78223207556408,68.93899309612375
M,high intensity,72.72585751283589,56.916641653135386
M,control,71.05926320207459,69.58442288998363
M,moderate intensity,72.6065221470472,69.35860805553243
M,high intensity,72.40940387096481,58.817798391552564
M,control,72.63738249373866,67.33972648280742
M,moderate intensity,74.06556516231947,71.559040303620165
M,high intensity,72.43060466195594,65.82496613581135
M,control,74.21466533542818,58.97867257248919
M,moderate intensity,73.55319782842889,71.41383346667995
M,high intensity,73.70491145059934,60.72836946094503
M,control,73.22442867125024,63.224108434685526
M,moderate intensity,73.0603481573043,67.52638833298097
M,high intensity,71.8430298193251,55.44168739605433
M,control,73.3532502886711,56.96810567966884
M,moderate intensity,71.85811394193698,70.37819071839792
M,high intensity,72.1537624934288,61.94963404014552
M,control,71.56786203820756,60.80833589792293
M,moderate intensity,72.47199618886093,66.2781018851484
M,high intensity,74.26134366498214,63.0041013819362
M,control,70.59645496706226,76.1757398135002
M,moderate intensity,71.84685543135791,67.91946045411
M,high intensity,73.89860038095627,61.61674540622268
M,control,72.42670479737933,60.84100683902166
M,moderate intensity,72.21000907568283,66.38171400992684
M,high intensity,71.38661654706543,55.904669870692054
M,control,73.24657168722435,65.83053436296413
M,moderate intensity,72.62894463138561,67.7099356413626
M,high intensity,72.61388189140352,69.55514594338987
M,control,70.99464152116435,63.12044863171546
M,moderate intensity,72.91099574009252,71.6228710600552
M,high intensity,72.07768487559733,61.47101094799209
M,control,72.2695791012763,65.65352422011617
M,moderate intensity,72.21556119863787,77.7092069939444
M,high intensity,73.87028389020185,52.68656796632267
M,control,72.07344762723685,68.02263696090756
M,moderate intensity,73.05519148110913,75.75736129464838
M,high intensity,73.18229908410495,53.89406999427684
M,control,72.52647754470811,58.495604144254706
M,moderate intensity,73.51782705192839,77.54888025324539
M,high intensity,71.57461284069134,53.43707867141306
M,control,73.59155454277438,58.52914026083295
M,moderate intensity,73.59875097147909,67.36143338252546
M,high intensity,72.96027744785533,61.92932304822997
M,control,71.4057912662455,67.97752688672317
M,moderate intensity,71.85248305723326,74.24789904243156
M,high intensity,70.63051918209177,59.66483996859869
M,control,73.46528761596645,63.34823495025233
M,moderate intensity,73.95145719181531,63.596184967619806
M,high intensity,73.52388128971853,58.26300376543499
M,control,72.8424770103059,62.98418098405868
M,moderate intensity,73.14620483126886,62.321394519475284
M,high intensity,72.30035133787635,63.05192341195412
M,control,73.67735846486748,54.15473699960873
M,moderate intensity,71.96232701343703,58.95823998420914
M,high intensity,72.33993982065428,58.8082891598004
M,control,73.54825418593929,69.84104888921398
M,moderate intensity,73.12093520073005,64.18641125143266
M,high intensity,72.47509054101396,49.890125369963734
M,control,73.69627036804498,61.36609300661396
M,moderate intensity,71.91281876938797,64.14399472759553
M,high intensity,72.56703400909429,59.966885216134145
M,control,73.19330321414058,72.01089708421833
M,moderate intensity,72.70895375970765,75.87390930425468
M,high intensity,73.40808413603348,65.44848537134689
M,control,72.4733121580839,69.8023616619009
M,moderate intensity,70.92156882109903,83.73689810063654
M,high intensity,73.57985481501316,49.84445494431734
M,control,73.63439027111457,58.068882675535136
M,moderate intensity,73.05043176741087,65.0987724885196
M,high intensity,70.94091427704329,63.60541345061745
M,control,73.77525421421817,64.71762165488967
M,moderate intensity,73.81997159988647,65.52035156835849
M,high intensity,72.71359438032745,65.21075440071807
M,control,72.07729535983884,66.72340453804493
M,moderate intensity,72.77924005694463,76.48846363333838
M,high intensity,72.8744489312878,64.79353921454033
M,control,72.64228864170688,67.72430413555203
M,moderate intensity,73.48126081851343,73.3588133465169
M,high intensity,70.90622251112333,61.13289351430665
M,control,73.01739283451657,69.47514144036529
M,moderate intensity,72.82989370917672,60.85377122749035
M,high intensity,72.05355999558888,52.42260562403054
M,control,72.4823427074412,61.27117963812499
M,moderate intensity,73.43847899588421,70.67664136441938
M,high intensity,72.39510417358443,58.058437314423095
M,control,73.64068256178913,68.12602982826905
M,moderate intensity,70.57259543826744,76.92486765472266
M,high intensity,73.10322228616862,56.731952760970756
M,control,70.6625484594469,62.820249145711216
M,moderate intensity,72.51269173768614,70.4349867741515
M,high intensity,71.71643293546762,70.56648964662746
M,control,71.78912768206719,67.49720790454909
M,moderate intensity,72.92804273736874,73.87578352875452
M,high intensity,73.4590184299999,58.871137047441536
M,control,72.32991762894154,70.62188172590429
M,moderate intensity,73.10666876039254,73.17385762854342
M,high intensity,72.61923098911505,56.07679334889705
M,control,72.23785524408886,64.83840414232432
M,moderate intensity,72.09600180272754,73.10062390571282
M,high intensity,73.75883217613494,54.77746966266024
M,control,73.39013734773837,58.55879534502275
M,moderate intensity,71.64519131486458,68.29721460408325
M,high intensity,73.23493021127085,58.03071751857005
M,control,72.14789992686515,67.60931045603772
M,moderate intensity,72.73983237261163,63.39004516912465
M,high intensity,73.76389733577605,62.98939143692964
M,control,70.02990303903078,70.22845432287106
M,moderate intensity,74.3668724595206,74.80859791332425
M,high intensity,71.08740309406366,61.387658098948485
M,control,73.40001178917188,55.80454210705753
M,moderate intensity,73.76114446403756,75.14302006121633
M,high intensity,73.07628732787977,65.55302957026848
M,control,73.06816530369922,57.90097000274541
M,moderate intensity,71.28235413805413,72.66880659554762
M,high intensity,73.60675067033459,58.650777936984625
M,control,72.50360604222374,72.7692034555152
M,moderate intensity,71.73290121627358,68.42136509519263
M,high intensity,71.91569206392523,61.10553605384396
M,control,72.84246030961465,65.71189818898621
M,moderate intensity,73.02388664251365,70.5424890558848
M,high intensity,73.93226859478314,62.523681078976
M,control,73.23295472731012,73.60126484729992
M,moderate intensity,72.75769148455645,64.42393565975144
M,high intensity,70.11683325064786,55.297380875445846
M,control,73.04394808205677,74.74772523344544
M,moderate intensity,72.57042391093371,73.64518802249955
M,high intensity,71.91409415527482,53.102474330310464
M,control,73.14277612141645,64.73587228631334
M,moderate intensity,71.73543312168793,64.54980397593754
M,high intensity,73.3110482220112,58.11272493789879
M,control,74.87119908162876,71.90729628456084
M,moderate intensity,72.65834411037943,68.18498317997019
M,high intensity,72.68456766067237,57.544501851875566
M,control,72.77470328631955,60.5628163100232
M,moderate intensity,73.04466053174554,64.69290503028012
M,high intensity,72.8229659256207,59.61512804817112
M,control,73.04139384838219,64.6323848266961
M,moderate intensity,74.31554024721338,68.40213272844548
M,high intensity,72.36052240660555,61.073644686094646
M,control,71.32899050589062,71.94259392327702
M,moderate intensity,73.26419667358135,72.8680218954427
M,high intensity,72.23220672609965,63.949104774470406
M,control,73.00949606294328,73.94619108625602
M,moderate intensity,74.43360546756988,64.05831577988296
M,high intensity,71.37344561032292,64.48781558732182
M,control,73.89091961625945,61.954819937667885
M,moderate intensity,72.21250968599863,76.76082067313588
M,high intensity,71.93126998483913,58.333932963413474
M,control,71.71238986799278,64.09036283915002
M,moderate intensity,72.94472820474024,68.04060270230704
M,high intensity,72.76377081592443,51.166775184835416
M,control,72.80244260261424,74.01090782745061
M,moderate intensity,73.85295380971058,59.25937629738676
M,high intensity,74.46071792687454,62.0994276745604
M,control,73.04303863271161,59.57314850101052
M,moderate intensity,74.13453590168035,58.70131274669249
M,high intensity,73.85320394167861,59.52547788494898
M,control,74.62981997545835,62.09683647121371
M,moderate intensity,73.54602418462251,74.17194837510634
M,high intensity,72.89696140408384,54.530883900184
M,control,72.00434694510439,72.33278416693706
M,moderate intensity,70.50293562828121,74.6068677450276
M,high intensity,71.37588389908967,63.949801221963526
M,control,73.10956953866727,65.62377805376246
M,moderate intensity,73.23608318634852,73.9830136745087
M,high intensity,72.7817195889618,67.85836066482386
M,control,73.3214191823723,57.066974674646836
M,moderate intensity,73.24306319251102,71.90910804993125
M,high intensity,72.93505095769297,65.59207285705853
M,control,73.33214215670567,75.66766623605034
M,moderate intensity,73.31651108790113,69.504428280122
M,high intensity,73.67308215506243,62.913568912097915
M,control,71.82648670874318,67.99181176728143
M,moderate intensity,71.95417076675862,78.25538079511844
M,high intensity,72.92345082005565,55.345991947697215
M,control,72.36298331356544,65.00907959024606
M,moderate intensity,73.68654568539768,68.07673059689381
M,high intensity,71.9859497740925,60.92855873654765
M,control,71.76146094989477,71.26291381567984
M,moderate intensity,74.56072346928738,75.98493727265068
M,high intensity,72.12457387957289,53.6319279405283
M,control,73.25874690782514,71.90940121626119
M,moderate intensity,71.76846599660625,65.41250901597117
M,high intensity,72.91728563666196,54.01767010520296
M,control,72.65401734219174,66.57900442271817
M,moderate intensity,70.72134016078287,71.1764048363017
M,high intensity,73.09694078864945,57.46645734447578
M,control,72.79362322586299,65.38171331861048
M,moderate intensity,73.55856013969594,73.4702952864751
M,high intensity,71.94614472434529,59.39234721494216
M,control,70.7789925043146,69.39765062346822
M,moderate intensity,72.7082857221346,66.57614727518317
M,high intensity,73.9117807637189,50.20231307119405
M,control,73.12063648404073,70.61301801706935
M,moderate intensity,72.4983367668305,66.47460740619721
M,high intensity,74.5156569436079,59.89042077723101
M,control,72.46063056321516,69.18748256644842
M,moderate intensity,72.21126990341904,64.47862305273156
M,high intensity,73.37549190695904,57.75682265266682
M,control,71.48867984838417,73.52621307902169
M,moderate intensity,71.72765725122258,71.05118142721655
M,high intensity,75.38184129119172,68.5247940745265
M,control,71.98399227474441,70.73459714596281
M,moderate intensity,72.4414816813322,65.79509241115818
M,high intensity,70.77891578320227,57.776666219973535
M,control,73.53723104211073,72.1750108385056
M,moderate intensity,73.98473684199516,68.33493708306827
M,high intensity,73.47707887336506,48.6812476718406
M,control,71.75946578919185,70.97116146379739
M,moderate intensity,70.08116344285457,69.18233484739329
M,high intensity,71.56363755899136,59.19906422098412
M,control,72.53754152273265,75.7179704719726
M,moderate intensity,75.789179242354,65.20550178870948
M,high intensity,74.611372837061,61.05530963584103
M,control,73.37072080949406,70.42301588909619
M,moderate intensity,71.94573855333066,67.63978864038577
M,high intensity,71.86633581345059,53.52824374890978
M,control,71.729990781931,67.02865333960415
M,moderate intensity,73.7365833963997,71.63065195380628
M,high intensity,71.70165928135671,63.25866997642198
M,control,73.31460362170921,67.42227237758479
M,moderate intensity,73.20220045676773,74.86802055425062
M,high intensity,72.6050096894776,66.9247689522842
M,control,73.95012014301368,66.46974046612195
M,moderate intensity,71.44235446974074,72.78327786837153
M,high intensity,73.18810375884411,65.12434860351247
M,control,73.04482035515167,61.36528568709902
M,moderate intensity,71.53478473230851,64.83563025419618
M,high intensity,72.80870815093417,58.32430128357055
M,control,73.09694388615252,73.74684512956566
M,moderate intensity,74.26254780018996,65.46527723451402
M,high intensity,73.26073584601951,63.68501487731625
M,control,72.9234642989873,68.29909091446811
M,moderate intensity,72.70479748847617,72.25663131412924
M,high intensity,72.6735647707296,51.244598822399645
M,control,72.5868566412764,62.211520952362065
M,moderate intensity,72.03320584451406,74.15059120610485
M,high intensity,71.81565460549817,59.46601157588122
M,control,72.44969330365744,61.12127846649575
M,moderate intensity,71.99149278897131,67.2493433072807
M,high intensity,71.7976360285953,67.80693696508021
M,control,72.1483345276995,70.90299791350313
M,moderate intensity,75.1653333833128,65.7017316225448
M,high intensity,73.29136551882239,64.0220183373339
M,control,72.21437070434516,59.394542412273914
M,moderate intensity,72.38227404034524,78.88027134317848
M,high intensity,72.18648678456135,60.001859057021896
M,control,73.09739587081752,72.89674351729509
M,moderate intensity,72.73824993990844,72.42237277288916
M,high intensity,73.52561563579641,61.25615548996316
M,control,71.13979606593735,73.65471465241748
M,moderate intensity,71.12508154814297,84.12182237460752
M,high intensity,73.28907674617511,51.36870012184425
M,control,72.65764628388881,60.4118561736389
M,moderate intensity,72.54029028348012,67.53296226042966
M,high intensity,73.14857670506841,63.56382017397095
M,control,71.51520922198539,63.00597254873578
M,moderate intensity,72.95248647045655,72.39344595059328
M,high intensity,72.62278410876709,63.234378387059394
M,control,73.15876908054153,63.042979192573256
M,moderate intensity,73.08407996853816,76.71390177162742
M,high intensity,72.83324902825629,61.856412489681524
M,control,71.10888541268598,71.04007549200637
M,moderate intensity,72.86732390197174,72.33042126349498
M,high intensity,72.50206882393505,57.26972737442574
M,control,73.54261090914622,62.03243843458173
M,moderate intensity,72.78879234495707,64.50666370203832
M,high intensity,72.85103804226777,74.82583388477009
M,control,73.40538609933992,53.29665757984076
M,moderate intensity,73.13199398926643,68.809720637141
M,high intensity,72.81948153794133,55.44455383304437
M,control,74.39437602010179,59.79231427903954
M,moderate intensity,71.6486081054389,73.73892836553554
M,high intensity,71.79353379262109,56.57352344485923
M,control,73.05898087842212,71.59331205494391
M,moderate intensity,72.7421476173233,71.27256693510233
M,high intensity,72.29112284538382,61.3733190426338
M,control,72.64596264342129,71.38162767595311
M,moderate intensity,73.8633465837276,66.47298532585499
M,high intensity,71.71800262161199,56.5291724571168
M,control,70.36327964727639,67.21138299796765
M,moderate intensity,72.54133087881439,62.68676989717507
M,high intensity,72.75409980624582,65.3304787782758
M,control,72.56261642775745,61.57073589614172
M,moderate intensity,72.2935359800372,67.98003178786777
M,high intensity,72.47045768884885,63.31494827696224
M,control,72.90128526529097,61.37802733295789
M,moderate intensity,71.67569200395852,69.24737003965
M,high intensity,72.14671383008128,57.54308153087134
M,control,72.36733145546755,71.56090483232201
M,moderate intensity,73.08670786367065,74.38158079414902
M,high intensity,72.75356050048343,65.17193031799987
M,control,73.91866742671563,66.70996665627739
M,moderate intensity,73.19422844224289,67.55677637580848
M,high intensity,72.89623982819599,59.40980269936032
M,control,71.82014529450805,60.7899653172783
M,moderate intensity,73.41497410371986,73.05960655542457
M,high intensity,71.51413004426776,64.9056134805581
M,control,72.7298925726806,62.31401870625139
M,moderate intensity,73.33353716546668,68.04564265044583
M,high intensity,72.4920647582512,63.21183061019924
M,control,70.79011138956407,60.951602139163555
M,moderate intensity,73.16440116380055,65.82198387526891
M,high intensity,71.89403081049478,56.08648203418265
M,control,71.9663020947019,72.48433167695855
M,moderate intensity,73.11198662464304,71.22660106910888
M,high intensity,71.24435292953007,59.7412642677098
M,control,73.45964656486576,55.87552527404234
M,moderate intensity,71.16801057554977,76.01792065443792
M,high intensity,72.24387668190833,62.97691322179284
M,control,73.7680189094421,70.16506873646293
M,moderate intensity,72.27275559138141,69.04446417107089
M,high intensity,73.50875481978626,63.42192337442215
M,control,71.69841756038933,69.10745751171856
M,moderate intensity,72.15440942005846,63.98507773477563
M,high intensity,72.96134623704786,71.22306222007752
M,control,71.7798429668085,75.80899597087547
M,moderate intensity,72.83037828675549,61.35294957820604
M,high intensity,70.7576288490943,51.11690889891857
M,control,73.19703939602465,64.6196903470861
M,moderate intensity,73.06401518056362,64.14643318476362
M,high intensity,71.9940511044973,66.29593424831515
M,control,72.88289587947992,60.7062158382959
M,moderate intensity,73.10123100456445,60.06362586197549
M,high intensity,73.84071494430957,60.76123924850696
M,control,70.89387822326252,74.05099865351389
M,moderate intensity,73.26857666693336,76.41178874643776
M,high intensity,73.69604345354999,53.768699244883756
M,control,72.54071403543833,62.66925597508048
M,moderate intensity,73.63377393413701,63.57677622607181
M,high intensity,72.06104483469852,61.061379867720774
M,control,74.15581719190956,66.84796883096472
M,moderate intensity,70.40249037849803,75.59198029086356
M,high intensity,72.76066936639153,54.66672543749263
M,control,72.05384806332019,63.19725601402737
M,moderate intensity,73.43990782678368,80.16157252353585
M,high intensity,72.76518425693482,60.04995483790374
M,control,74.17399510408292,73.61493546412488
M,moderate intensity,74.20878752592657,62.20530704402565
M,high intensity,72.0751708818454,67.47961765093014
M,control,70.51362230048917,75.56240098663906
M,moderate intensity,73.54767096800488,65.4300973791616
M,high intensity,70.72784271298346,64.60262834045751
M,control,72.82618913260163,73.30410018488203
M,moderate intensity,72.3622890571018,80.40042199666978
M,high intensity,74.07815059238116,49.20906023867907
M,control,72.46335345477009,68.95091357595243
M,moderate intensity,74.14463136002891,64.94227849904367
M,high intensity,74.0121549797582,56.496051234418516
M,control,71.03573710638236,62.88781461532777
M,moderate intensity,74.1697189387004,63.83651474227918
M,high intensity,72.88396668073582,53.153964638883984
M,control,73.8671947407046,70.27864458606784
M,moderate intensity,72.13525169654305,75.32571078894715
M,high intensity,72.949559792426,61.49044178330409
M,control,72.20716820370457,63.115528533162944
M,moderate intensity,72.55770342692085,67.25819390513796
M,high intensity,71.60048619731091,64.54193909455381
M,control,73.2507178843402,60.499163597882095
M,moderate intensity,71.80145457505651,66.85280929411095
M,high intensity,71.98877201804711,55.80806729167919
M,control,72.52614505946471,60.08490559808855
M,moderate intensity,73.99646181725315,74.63529290060879
M,high intensity,74.10331221685138,66.8703803411903
M,control,74.28797923819398,68.18908737698209
M,moderate intensity,72.85031677437338,68.2271449926761
M,high intensity,73.83730928582838,54.27474974016869
M,control,70.75235767566741,65.3765461070026
M,moderate intensity,73.28633343220154,65.7929214607235
M,high intensity,73.31325456478665,59.461603285684554
M,control,71.99813420910431,64.20548768375583
M,moderate intensity,74.04965304220234,62.853184549757366
M,high intensity,73.95620139209481,56.10996904509159
M,control,71.65148410698744,65.58632514166048
M,moderate intensity,73.32412609272846,75.52843126615218
M,high intensity,71.98971534255767,55.024107062519775
M,control,72.17247997619145,62.8880284941971
M,moderate intensity,72.52177583356064,60.964665413157775
M,high intensity,73.29158963043929,66.70051870270896
M,control,71.00180504232337,62.40930272913896
M,moderate intensity,73.27952393514106,75.84253280610858
M,high intensity,73.25324034864852,50.463012255304136
M,control,72.32250912920435,63.45667086273674
M,moderate intensity,73.29625829793254,66.09826497561615
M,high intensity,71.30608286313706,58.325577714424725
M,control,74.58669478110887,60.8642293476421
M,moderate intensity,72.34008612242353,81.48874802708598
M,high intensity,71.64675703650437,65.48552590712424
M,control,75.49955721309199,62.82871654495144
M,moderate intensity,74.68918792166559,64.37434992735405
M,high intensity,74.43072033280271,56.135044723311395
M,control,70.91019364554982,61.90897907459113
M,moderate intensity,72.61155870766545,70.70520791502453
M,high intensity,72.83726384356318,61.698248301406174
M,control,73.25026836391206,69.93709819190205
M,moderate intensity,72.0172717054002,57.023507925063434
M,high intensity,72.98844262523635,63.3485492912534
M,control,74.23183290796476,62.731419788434835
M,moderate intensity,72.90161868673721,75.38720004978931
M,high intensity,72.99941569068311,53.17352652224224
M,control,72.37878236668041,65.22611127298346
M,moderate intensity,73.55289120337518,63.00698564023868
M,high intensity,72.80479349667738,64.72377282140833
M,control,73.43659068446837,65.25630136482133
M,moderate intensity,72.2730777383775,67.29726088791105
M,high intensity,72.72606883189333,56.50202483454974
M,control,70.58683565552613,61.74878707255281
M,moderate intensity,72.19507469384548,65.97931358102362
M,high intensity,71.06625615827227,55.99996624789109
M,control,72.71164536284631,61.31834426834904
M,moderate intensity,71.96520065338377,75.49439529993889
M,high intensity,73.15431683693738,63.302916811778864
M,control,72.36445349035093,70.87598778851749
M,moderate intensity,71.94835586125588,69.18531114482145
M,high intensity,72.10740897451988,54.93723310747001
M,control,71.31468523087281,72.90533184349711
M,moderate intensity,72.38945453669454,73.08997639770296
M,high intensity,73.77421746392325,63.95766804334493
M,control,72.97493957058488,72.52074116707203
M,moderate intensity,74.63697134686079,67.51443602993393
M,high intensity,73.22786641941383,61.846138363282805
M,control,71.84289339143403,64.34686030005271
M,moderate intensity,73.75733677567814,74.27356635513127
M,high intensity,74.0876679917247,67.74352848153329
M,control,73.99194558186073,73.20572147180454
M,moderate intensity,72.46841149218471,69.45062295329572
M,high intensity,73.76370069462857,52.984326463095314
M,control,73.24901468627777,62.43036773403331
M,moderate intensity,72.88662028991558,72.01744247797261
M,high intensity,72.43593680821839,56.35181470966545
M,control,74.02269698652148,77.68689750493648
M,moderate intensity,74.0348100122571,73.28944447731752
M,high intensity,74.64211575200369,60.005899877461594
M,control,73.44312388427186,69.08638561280794
M,moderate intensity,72.66548562883563,78.839732165904607
M,high intensity,73.3006036996724,59.07907726912999
M,control,71.06469857068531,67.10946547770567
M,moderate intensity,71.52288413530732,76.42647546398749
M,high intensity,73.34036256702458,59.55711271612678
M,control,72.72495900380218,65.68575346758536
M,moderate intensity,72.5771817810704,73.60441370617103
M,high intensity,73.31789244617762,50.6962287674442
M,control,72.21411768091501,65.19800339616457
M,moderate intensity,72.12111211236278,64.22110737295495
M,high intensity,71.8864279488594,55.36326523473078
M,control,72.8981367851765,63.60338548818543
M,moderate intensity,71.6373839309913,76.32838287490237
M,high intensity,74.82197445168855,59.25776670751092
M,control,71.92716799796453,62.25439178936203
M,moderate intensity,72.05689202422825,68.30162567222202
M,high intensity,73.12133326706822,54.07390970984919
M,control,73.45130075936068,61.14236984834964
M,moderate intensity,71.24355604112793,74.53840314190224
M,high intensity,73.29826304528675,57.245407548457294
M,control,72.74723951479417,69.52879203037347
M,moderate intensity,73.01986989609159,75.48812925907379
M,high intensity,74.1601758724279,53.962798058553275
M,control,72.88905177915503,54.70364432909912
M,moderate intensity,72.57951416620912,71.07703982576628
M,high intensity,73.27956021489662,58.365537529773206
M,control,73.5061738704429,64.2382296311726
M,moderate intensity,71.92797280575827,69.58189104540848
M,high intensity,72.04642619877961,67.05421085763317
M,control,72.63633095448314,64.81096683436918
M,moderate intensity,73.67663527793022,71.65855012537307
M,high intensity,72.57983100857808,54.483096093874885
M,control,73.71407448087254,74.63822770613561
M,moderate intensity,72.60783950449671,69.02894124365234
M,high intensity,72.18825849505666,67.62429541616416
M,control,71.89828291060613,69.32762199171856
M,moderate intensity,73.28973347095973,73.5548970332133
M,high intensity,72.61409992988516,62.155722143300636
M,control,73.57330669940286,65.32081139015321
M,moderate intensity,72.4007583867596,70.48578366039168
M,high intensity,74.22370576739792,63.82078990724327
M,control,73.14756115528324,77.92658650317544
M,moderate intensity,73.33962338561398,75.34735747832514
M,high intensity,74.02613067431606,57.86088714854483
M,control,71.35467735244887,73.40822897418593
M,moderate intensity,71.84587314673004,69.30016326459697
M,high intensity,72.59095292557684,64.72303478913146
M,control,74.82289795085681,58.37516619972346
M,moderate intensity,71.30640092117329,66.2119681473041
M,high intensity,73.90810461924038,56.55856397821688
M,control,72.78257145965922,58.62849005741955
M,moderate intensity,70.04160993936773,70.29436482917214
M,high intensity,72.14132239330371,55.91209963906573
M,control,72.40351042614394,71.71733738405096
M,moderate intensity,74.13733475306806,69.78165657820047
M,high intensity,73.09322073119111,61.408506601634244
M,control,72.9163439380389,58.59722368869455
M,moderate intensity,72.73737005780903,61.90941300974888
M,high intensity,73.42754466857494,63.0109822505227
M,control,74.05187434346395,65.40053013724115
M,moderate intensity,73.0651439369494,75.1805103593234
M,high intensity,73.41739333948944,58.62787132259972
M,control,73.14764486404373,72.29675517597354
M,moderate intensity,72.80907414876074,65.2288336936241
M,high intensity,74.15578904674082,60.13678474288599
M,control,72.78642047346415,59.47166679269898
M,moderate intensity,72.1509016600636,69.1400448409593
M,high intensity,71.88802392393998,64.243026128914
M,control,73.43347714472017,61.503010187281916
M,moderate intensity,71.46048265769232,58.9175851738443
M,high intensity,73.19021149305533,53.74161037285974
M,control,73.6403872852234,68.15099232213272
M,moderate intensity,71.17646205995348,71.55121224267224
M,high intensity,72.37261879362929,61.087373005053784
M,control,72.95690233578125,63.248955775842305
M,moderate intensity,72.8412938138249,66.64762423630086
M,high intensity,72.22962220730791,62.65735830943089
M,control,73.43560556356935,73.86232146735608
M,moderate intensity,71.94269383608253,67.45902945765823
M,high intensity,72.2916829827346,64.66332017410704
M,control,72.64235080798858,63.9171873114006
M,moderate intensity,73.02529018513535,67.61862652167714
M,high intensity,73.41838206690647,62.30303649459651
M,control,73.72946196569461,60.51364290669728
M,moderate intensity,72.81670347432689,69.0486002863743
M,high intensity,73.18477486620954,56.316207948237825
M,control,72.10975335696926,65.54896208696707
M,moderate intensity,74.35067486930635,60.472280672323556
M,high intensity,73.39631294117393,64.16535540681326
M,control,72.33340063241927,63.278545153261064
M,moderate intensity,73.1667902750354,65.92349149625464
M,high intensity,70.46803953576584,64.8291464683195
M,control,72.8452753522578,65.01686466955447
M,moderate intensity,74.20698422772745,67.47605461304644
M,high intensity,71.9327756206057,55.00409109674924
M,control,73.35818865483316,67.03790560404566
M,moderate intensity,72.59240494561188,70.64514613461671
M,high intensity,73.72814944824586,64.87255657936198
M,control,73.29299878634419,66.66536922526404
M,moderate intensity,73.50806135963603,63.37425325995672
M,high intensity,72.21739876937332,54.81762585901002
M,control,74.05664588712318,57.87660072527294
M,moderate intensity,72.9867838778384,70.04302109529378
M,high intensity,73.47234308672189,74.76251000519811
M,control,71.35006210168216,66.8213792274806
M,moderate intensity,73.12228285041093,70.72883228918711
M,high intensity,73.49444582407808,72.56678742512467
M,control,72.37715706920638,65.75862375330858
M,moderate intensity,73.20330314775086,74.2403856883056
M,high intensity,71.92551460847615,58.90068310104463
M,control,73.19502210998562,55.47907479292559
M,moderate intensity,74.18207453964506,65.61549001794978
M,high intensity,72.20474034499254,62.48738080917067
M,control,73.23004718180151,62.95075388495452
M,moderate intensity,72.13952173015359,75.20173835060244
M,high intensity,71.78786184133068,52.05550754779854
M,control,71.36061052024733,64.9279630545366
M,moderate intensity,72.38142808882552,72.26367746425372
M,high intensity,73.3579551489446,58.93523766948078
M,control,73.72297869798811,53.53443035269906
M,moderate intensity,73.65600180717435,75.59349994888703
M,high intensity,73.2132715279088,57.493621086791535
M,control,73.22755527526317,70.59202262790983
M,moderate intensity,72.45569128279105,70.98732197617691
M,high intensity,72.25339737653513,58.06997050620468
M,control,74.26865758038709,72.14205873639855
M,moderate intensity,73.25367675272159,68.39444716969486
M,high intensity,74.10430725974341,55.342072543402836
M,control,70.93402794277719,69.85092116190711
M,moderate intensity,73.22185114350549,77.12791417721394
M,high intensity,72.38543584778806,55.58440325743739
M,control,71.82234990681782,70.89953600796983
M,moderate intensity,72.05088777582554,81.19158892188756
M,high intensity,73.17663845683548,63.010560944060316
M,control,73.62218457179704,68.1779169892445
M,moderate intensity,72.68125180535908,58.82238896598174
M,high intensity,73.5345190093848,57.9906761897105
M,control,74.79820344192845,70.75155382893087
M,moderate intensity,72.12449951384136,70.67864349021374
M,high intensity,73.51437702744019,54.24571373359501
M,control,72.1623020095234,69.65339951664494
M,moderate intensity,72.42179666468118,69.34138241133468
M,high intensity,72.36164199411239,74.57389880998463
M,control,73.25370728187328,61.625971452319625
M,moderate intensity,73.47430505890952,68.25272228617953
M,high intensity,72.44627048522925,67.64885996003133
M,control,73.14357708291884,64.51288294357148
M,moderate intensity,71.57860547063237,70.44066392755737
M,high intensity,71.8112717179985,60.75730201651819
M,control,72.78861068701079,60.32386692737828
M,moderate intensity,74.0034201628039,64.3027340577684
M,high intensity,73.40080462670612,60.71812238186547
M,control,71.19139387759508,61.9786257293215
M,moderate intensity,71.62969755314244,72.42899913136684
M,high intensity,72.40619861377208,60.66195644074129
M,control,71.73268350363637,56.80693255688926
M,moderate intensity,72.21537218035434,66.73972603726838
M,high intensity,73.0744710704261,60.16981899757841
M,control,72.19801436712567,61.858935122277394
M,moderate intensity,71.97885149612783,68.23910192054872
M,high intensity,73.47695699245999,55.49857640386394
M,control,73.08812504754982,66.93495984337778
M,moderate intensity,72.24604206084206,75.27605808501269
M,high intensity,72.45774636078269,60.33854336210399
M,control,72.18362944488123,75.23120554973492
M,moderate intensity,72.91246780989042,62.18988989216076
M,high intensity,73.1804719983888,56.959190389227636
M,control,73.99784608509947,61.46606483342291
M,moderate intensity,73.73725976021201,70.16283771752786
M,high intensity,73.46477033014409,56.114873664241124
M,control,72.72649873726567,71.12932331408506
M,moderate intensity,73.88321267365153,69.36124122584593
M,high intensity,72.6191861932047,64.92930953783078
M,control,72.30678109821395,58.307637604562075
M,moderate intensity,74.37971757143602,73.98199907550473
M,high intensity,71.12496412075113,65.96961997444814
M,control,71.85171733167931,80.20669005291924
M,moderate intensity,74.06101534737203,76.16466917098387
M,high intensity,73.15874057377913,64.17007663401418
M,control,73.44430105717186,58.78354785986632
M,moderate intensity,72.80039281003333,69.38656051308575
M,high intensity,73.96548443398204,66.28343866873844
M,control,71.13939027520925,66.38791043303482
M,moderate intensity,72.79247517023418,70.00886239606587
M,high intensity,74.07495267319446,60.23541920727223
M,control,74.68022755713966,74.3632127570078
M,moderate intensity,73.24915550070244,73.733862344595
M,high intensity,71.84326246417858,61.163718488459544
F,control,72.7576298198211,71.17704893079008
F,moderate intensity,72.17815056140736,75.89560905892682
F,high intensity,73.12979288950976,66.67369753763705
F,control,70.60276222241102,53.78578173560729
F,moderate intensity,73.39840108436867,70.99318951241908
F,high intensity,74.8411509650612,65.6647357052495
F,control,72.47470362596063,63.36255629415487
F,moderate intensity,71.97262817118076,72.01032855445956
F,high intensity,71.89229649834581,69.35313742681666
F,control,72.18480049380884,62.399726819734596
F,moderate intensity,71.44106828560905,73.26197768193238
F,high intensity,72.79225831534673,59.89281832148665
F,control,73.32847011692559,63.555936394499675
F,moderate intensity,74.59672258889795,64.7858682437486
F,high intensity,73.15126760475923,65.38690557913164
F,control,73.00378736231633,61.62307605520211
F,moderate intensity,74.8861807044792,66.04462785576915
F,high intensity,71.366889838512,67.39122640338138
F,control,71.5989737523004,54.99786651798587
F,moderate intensity,71.42773887876999,70.57243251087564
F,high intensity,73.60180671232403,62.5092955095059
F,control,73.04719461536165,54.466993356120284
F,moderate intensity,72.41082943705467,63.617172993309325
F,high intensity,74.58077373447541,71.51644834176273
F,control,73.00011214289717,61.85526193464509
F,moderate intensity,71.1400115983275,70.6292148260375
F,high intensity,73.71270607017924,65.30918120566773
F,control,72.94418661667525,63.04343489273653
F,moderate intensity,72.77929234738899,64.90187685957866
F,high intensity,72.56876065611623,55.84113688611725
F,control,72.33182439429221,63.47055406129513
F,moderate intensity,73.90331936773326,77.38437194072043
F,high intensity,74.21295880360321,51.356050572033794
F,control,72.83471256872394,56.36473004216579
F,moderate intensity,74.04382668278632,70.81575421191214
F,high intensity,72.42461612910016,53.92815505302688
F,control,72.17027435864271,58.90882513107706
F,moderate intensity,72.77382147418723,64.1931314334402
F,high intensity,73.90186366334036,59.69207660130671
F,control,73.04567034053284,68.93301234496103
F,moderate intensity,72.44420910425426,73.94692292079094
F,high intensity,72.42105965094612,57.72245962873237
F,control,73.35853257480436,73.1901848184855
F,moderate intensity,72.28120375031399,77.87364121311127
F,high intensity,71.81360493664346,60.47285653134878
F,control,73.55264837834586,63.543248272327006
F,moderate intensity,73.2173024073713,67.15509444563692
F,high intensity,75.3215174113733,62.91527637508234
F,control,73.7111581881678,66.1585934182351
F,moderate intensity,72.58013512811576,65.48364287867041
F,high intensity,70.02125761966538,61.06440155517658
F,control,72.96807399024337,65.74274575843631
F,moderate intensity,71.4033813787058,73.45650340006664
F,high intensity,73.42647331208458,63.22328453742417
F,control,72.9309372329383,54.0910219585006
F,moderate intensity,72.78230669797907,72.08799923579402
F,high intensity,71.69371886128714,55.54182494636692
F,control,72.78362804967709,69.20807493584613
F,moderate intensity,72.42993100781754,79.06178488095325
F,high intensity,74.66880690418566,60.40855811802423
F,control,72.36283644110307,63.23010367863203
F,moderate intensity,73.24331881173313,76.65205266401063
F,high intensity,75.43905537265026,75.85243405841933
F,control,72.70713561952059,68.50171328602897
F,moderate intensity,71.78691234503002,76.6828974144716
F,high intensity,73.05808099195478,64.7185923288708
F,control,70.76935954807999,61.36822087905049
F,moderate intensity,70.34260505519322,74.39191862932049
F,high intensity,71.33520612749697,63.84699363308734
F,control,73.35420829130764,58.21607607448961
F,moderate intensity,72.20401154649407,68.02047433707253
F,high intensity,73.21614359159759,64.31202995035389
F,control,71.56364486140856,63.15729491280856
F,moderate intensity,71.8720529358344,78.71083859161327
F,high intensity,74.09277922289108,57.343758704961715
F,control,72.35504392876527,58.08227931300985
F,moderate intensity,72.50704236921528,65.79565270217795
F,high intensity,73.10842832453318,62.585643152425874
F,control,74.06312991916738,52.88930490940254
F,moderate intensity,72.87754767078694,73.82054345582661
F,high intensity,72.0055071257155,62.5567030970586
F,control,72.88518292253016,56.09366437848815
F,moderate intensity,73.39650101209008,68.90334627588891
F,high intensity,73.11864353663469,60.694151010112776
F,control,72.22309724682742,52.65200387155124
F,moderate intensity,73.10966100330712,75.63070383312348
F,high intensity,72.10956497247648,59.646994085900495
F,control,72.485165226399,64.87956664471709
F,moderate intensity,70.6977976780026,73.03263619533287
F,high intensity,71.71823071260279,59.75471542303001
F,control,72.86643409309679,59.35693200441981
F,moderate intensity,73.09565662140301,78.36713211930814
F,high intensity,74.1437317122579,60.611133392461056
F,control,72.62854120597815,70.8897678581896
F,moderate intensity,75.40340987746798,74.02544114755612
F,high intensity,73.43184546498411,68.95694547221913
F,control,71.70582431193709,65.07914931337997
F,moderate intensity,72.32464871088526,67.99117870820379
F,high intensity,71.29742309317506,71.20181564091433
F,control,72.09875450167954,59.885568339908566
F,moderate intensity,74.16698039944613,72.05615141385636
F,high intensity,73.42340446652288,60.872492881091404
F,control,73.87734844429121,59.32364843245595
F,moderate intensity,73.51595381179796,75.59189278963315
F,high intensity,73.49490547358731,53.63286970226126
F,control,73.0185009355815,55.52257490919348
F,moderate intensity,72.33995186926992,67.13016344205504
F,high intensity,71.22907987955192,68.4962035626763
F,control,73.8942658385488,68.34556911952846
F,moderate intensity,73.38400100823854,72.4825849934183
F,high intensity,71.97107908105168,61.293447906366865
F,control,71.7257516567167,65.7373246330357
F,moderate intensity,71.28588044128003,69.73847162486628
F,high intensity,71.664060935804,72.32513365307662
F,control,72.95277553985713,66.50680256339889
F,moderate intensity,73.45376174565874,75.79099643629257
F,high intensity,73.7094779654083,58.12987541036971
F,control,72.57609705350582,64.6635217196034
F,moderate intensity,72.22417829726649,72.44346990145402
F,high intensity,73.71487269974475,60.82038252041762
F,control,72.57429333904426,57.39756213800108
F,moderate intensity,72.34146550447345,69.10982408888626
F,high intensity,72.03777288454035,71.8206128550132
F,control,74.05715568889696,58.859736939337054
F,moderate intensity,74.76382905327795,72.30359675028927
F,high intensity,72.91745806446308,64.89290626350534
F,control,72.75231935579008,51.327916516542025
F,moderate intensity,72.8081102017197,66.37816135920619
F,high intensity,73.1587094517393,64.73210073397196
F,control,72.4940847201151,67.9976555564218
F,moderate intensity,72.26988127454874,75.6346808691364
F,high intensity,72.63643632935917,51.68543739627593
F,control,73.39678963640272,66.0381095867088
F,moderate intensity,72.52724280638859,71.3129558358883
F,high intensity,75.15654454344228,56.63651258480781
F,control,74.04612132250338,64.2957449452999
F,moderate intensity,71.69678388289228,77.59016547120802
F,high intensity,75.16918788781548,65.71027707207608
F,control,72.8285615474426,64.9134873537899
F,moderate intensity,72.56682543926159,69.40383763114112
F,high intensity,72.46547927567747,66.85689129033226
F,control,74.15927215640048,55.5683593478385
F,moderate intensity,71.94155001921088,77.30599496428104
F,high intensity,73.2321827082944,59.68282105512759
F,control,73.51537620963246,68.09722701401097
F,moderate intensity,74.07751709343997,79.90580283024973
F,high intensity,73.29253440622394,71.9737240395889
F,control,72.2679537620317,64.00557240404245
F,moderate intensity,73.02947212344964,64.32405710600122
F,high intensity,71.85254897408083,72.19324288588999
F,control,73.55169121940528,54.07423078276118
F,moderate intensity,72.25922996766758,75.58842622019712
F,high intensity,71.0961803035133,68.37017395075809
F,control,71.70736449852063,65.89312309896667
F,moderate intensity,73.67729232132041,74.57234750172198
F,high intensity,72.3262370494773,58.97364499885044
F,control,72.84684620796618,66.27002361305345
F,moderate intensity,72.90041179921946,78.950740602183
F,high intensity,72.39450496092067,59.844332797293085
F,control,72.28031758967963,60.57417286109843
F,moderate intensity,71.73750656391427,71.4696782737061
F,high intensity,74.01600139290927,65.3986723310006
F,control,73.07266232762854,63.01283079524905
F,moderate intensity,72.14704076086336,66.51366274292499
F,high intensity,70.84184192582408,70.14288557934755
F,control,74.11566818972761,62.3289646295886
F,moderate intensity,73.3061720122742,76.5625800808073
F,high intensity,72.22190847150763,56.121833595182395
F,control,72.32870609904484,58.18048684124268
F,moderate intensity,72.90435583589294,71.58296562161352
F,high intensity,71.55349714647589,61.10933677672696
F,control,74.7403818881462,57.914153700701114
F,moderate intensity,70.1358926108797,85.66668508542955
F,high intensity,73.72632239027567,56.802469230203954
F,control,73.10738877390652,59.39857452159279
F,moderate intensity,70.90929037881257,70.57314343758658
F,high intensity,72.38013003255318,57.74191382088492
F,control,74.57728085054684,58.65064318229759
F,moderate intensity,73.13944457116213,69.99500852855839
F,high intensity,72.92895967951294,62.297193142400815
F,control,73.41097075543102,64.23313139324397
F,moderate intensity,73.97801760780405,67.1326902118914
F,high intensity,74.05912687456512,69.73552816803405
F,control,75.20234430046658,74.00982025306524
F,moderate intensity,71.70931994221189,77.37889723363
F,high intensity,70.85969503993394,59.89180072013966
F,control,72.10235422562818,57.999260890111834
F,moderate intensity,72.65443459645486,75.20666559106972
F,high intensity,73.31071724629548,68.33737735787822
F,control,71.81840986070087,61.42500390177675
F,moderate intensity,72.08381807941858,61.605435416166486
F,high intensity,72.87899158660203,59.099034846661034
F,control,73.20214787608484,68.7615584649309
F,moderate intensity,73.26867011597571,87.64591067893
F,high intensity,73.70026697076511,72.05554139598482
F,control,72.68076103996304,65.77322253154549
F,moderate intensity,71.629476576047,73.46518818269605
F,high intensity,73.38775014843362,61.254762193710924
F,control,72.39118295655162,51.58358377798909
F,moderate intensity,73.67945245799355,74.18263664263971
F,high intensity,73.65580282576143,67.30493046645763
F,control,72.77714339661142,66.13754580000908
F,moderate intensity,73.59215776648773,72.88632516136481
F,high intensity,72.04460523236091,67.72154813946929
F,control,73.39155784068618,53.424807487650014
F,moderate intensity,73.36147707334996,72.37901354427201
F,high intensity,73.68769787535243,66.9685801893564
F,control,73.03039053199376,55.832176283325936
F,moderate intensity,72.74430726323634,72.16934378632091
F,high intensity,72.00602006629438,56.60488909219184
F,control,71.76388925466924,64.95309879335761
F,moderate intensity,73.49924355688043,70.40784969747058
F,high intensity,72.84396146464859,61.80715785972921
F,control,73.27395415069982,70.96633557483241
F,moderate intensity,72.8479626796679,67.16139137159213
F,high intensity,73.06323710299581,61.830000725037664
F,control,72.29112673574717,68.60742835824696
F,moderate intensity,72.6099469245431,74.71322759743373
F,high intensity,72.83366004528283,56.542109388897146
F,control,72.70443940924196,54.00712660005286
F,moderate intensity,71.77555232618835,67.04770833576151
F,high intensity,71.98353652417214,62.61094773068495
F,control,72.04494571139769,64.69448437893499
F,moderate intensity,72.22593925183206,78.78856648676464
F,high intensity,75.00703930447432,68.99697729521951
F,control,70.13543572237722,60.94407808246948
F,moderate intensity,74.33808053924514,71.39696828738472
F,high intensity,72.8438518948044,62.8016923290913
F,control,73.37434933603255,52.02564456254001
F,moderate intensity,71.80109231257099,71.61260059037633
F,high intensity,72.70152683516135,60.1958037888496
F,control,73.01099835766432,73.63433722178468
F,moderate intensity,73.45792157565543,73.24850636496824
F,high intensity,73.87742960736601,58.17277015451221
F,control,73.38311162513203,66.02046199446696
F,moderate intensity,74.70791543476466,76.23713992711058
F,high intensity,72.84508949385841,62.24029104777934
F,control,71.5194457447982,56.66914576175673
F,moderate intensity,71.16930962398858,74.92095953032845
F,high intensity,72.92012265533752,68.77425306897835
F,control,70.25534934578728,59.22122060247482
F,moderate intensity,71.72185639128658,81.70523759678946
F,high intensity,72.96997909119465,64.51625321048708
F,control,74.0432610473199,56.825584306543064
F,moderate intensity,72.83902113207117,67.64954353546298
F,high intensity,70.55866225334087,73.8485580050112
F,control,72.71438020590735,60.546308621344856
F,moderate intensity,71.8285650841077,77.56948765435652
F,high intensity,73.3225050735617,68.62754166111796
F,control,72.92403952128217,66.1591597602303
F,moderate intensity,72.482886498435093,67.6746392656499
F,high intensity,72.81469652079946,60.66191422863397
F,control,73.72400861893888,69.91604179136768
F,moderate intensity,73.29044871854288,75.3445669388291
F,high intensity,72.48566909635208,53.034322080750314
F,control,72.08498497788705,53.94861444847807
F,moderate intensity,70.61980912998854,77.32411961687644
F,high intensity,72.53139472434948,64.36726250559701
F,control,72.96525586677335,68.34603476591413
F,moderate intensity,73.26848669185834,81.35886861918227
F,high intensity,73.75176843266273,58.171554525645135
F,control,73.00521042909969,51.67475085286358
F,moderate intensity,74.54206427619943,66.15046712071917
F,high intensity,73.20209092554052,56.964166175857656
F,control,73.76264137765303,58.685017374965234
F,moderate intensity,73.59665497042167,72.92953021279672
F,high intensity,72.68510950152078,63.195683827607766
F,control,73.07133491091028,69.1196810426053
F,moderate intensity,74.53000875871024,78.93443040457413
F,high intensity,72.68397900869626,68.31785413099078
F,control,71.64986850783572,58.38132891291843
F,moderate intensity,73.35816616593273,70.79238126884478
F,high intensity,72.04075666591046,64.09381953060279
F,control,72.53488246392146,54.77972646977397
F,moderate intensity,73.37481000391257,73.70614204755286
F,high intensity,73.49842130512641,52.231649040240754
F,control,74.0319738291701,64.42620236836913
F,moderate intensity,72.36370894768325,75.37537089624159
F,high intensity,73.87080840736888,58.36966019363189
F,control,73.22881673991348,61.85827125399293
F,moderate intensity,73.52195299159627,80.92121413912255
F,high intensity,71.79379332470896,63.66510419979858
F,control,72.14309052092197,60.92128555607426
F,moderate intensity,73.35181244970391,80.76575774003723
F,high intensity,72.65366406394266,69.81332052471025
F,control,72.14963597180972,67.57346319358405
F,moderate intensity,71.97326678171297,71.9443954966488
F,high intensity,71.23860734758094,58.130386008955654
F,control,72.43264647999537,63.13139955156791
F,moderate intensity,73.12339979792313,76.33707523506696
F,high intensity,72.92125182145746,66.69808525293182
F,control,73.00483464415778,64.52457710205351
F,moderate intensity,73.1849731183632,65.1028224881054
F,high intensity,72.67008662120854,52.05008433666556
F,control,71.71997048864785,69.29021752639726
F,moderate intensity,72.01902605267354,70.66209418254414
F,high intensity,71.9695279612375,62.24621572063459
F,control,72.4142620888141,59.2695407370812
F,moderate intensity,72.1210595591501,74.99788106637075
F,high intensity,72.14640481010747,63.77393715779184
F,control,75.15519890915112,66.69110417291837
F,moderate intensity,72.71652813250829,72.56862898993285
F,high intensity,72.43544921796918,60.345189144028765
F,control,72.96340773221979,60.63818246491505
F,moderate intensity,72.55062829028391,71.9173790587426
F,high intensity,71.21446667770768,61.86336442900759
F,control,71.41570588846632,64.1173336263859
F,moderate intensity,73.38719419358718,71.24049660249241
F,high intensity,73.39727184485778,62.62793041084211
F,control,72.93372078080728,57.243146026829066
F,moderate intensity,72.89891998351341,77.77130729955853
F,high intensity,73.76449951410967,56.67639741697798
F,control,74.35371258486032,66.70351328446671
F,moderate intensity,72.90502371115649,76.4264321964203
F,high intensity,72.35776562939252,64.02564223685619
F,control,73.2355914059801,50.81908214137392
F,moderate intensity,72.00261862101961,77.31211133633255
F,high intensity,72.56683296450929,66.13033797477766
F,control,75.81756131962678,71.89212727023852
F,moderate intensity,72.1948595891399,73.71651575034896
F,high intensity,72.78776187047222,67.09207533515239
F,control,73.321235990278,61.09659291475345
F,moderate intensity,71.6583536026017,78.13550819986212
F,high intensity,73.70952893907074,65.41068912300896
F,control,73.01551593492418,52.350259019864936
F,moderate intensity,71.66241990003567,75.6855099803097
F,high intensity,72.91126801869122,63.49449327967711
F,control,72.97227341784719,64.65760306149184
F,moderate intensity,72.2825936749254,64.81191584947952
F,high intensity,75.07201588409173,59.84501165688731
F,control,73.231634796736,68.33484489637739
F,moderate intensity,72.78208445005535,76.96077565104471
F,high intensity,72.77106856365826,62.90785063798235
F,control,71.17865818310617,65.10183305861989
F,moderate intensity,71.87837100344798,69.54594476545184
F,high intensity,72.74543714273553,52.20700073334197
F,control,72.50246798604907,58.51587045388294
F,moderate intensity,72.84067815199765,69.7152054726561
F,high intensity,73.95238901854296,72.41267884562035
F,control,73.47697993894558,73.03819950036693
F,moderate intensity,73.33846710720226,74.3588840805662
F,high intensity,73.96136914670211,70.70120579325554
F,control,73.92116631528194,70.82002826785138
F,moderate intensity,74.48221606887432,67.67918504023828
F,high intensity,72.09380004237343,64.41261229606077
F,control,73.44310092825582,58.37900728687018
F,moderate intensity,73.18079770282968,71.34443690640556
F,high intensity,72.25873151940843,53.07767247926583
F,control,72.79312447144622,65.75933746211338
F,moderate intensity,71.64741044855323,65.43749996739115
F,high intensity,73.67734032202645,72.85688093819734
F,control,71.8490414316697,62.650871078800286
F,moderate intensity,73.418015308148,83.40885835355434
F,high intensity,71.05720289783564,64.60595111217374
F,control,73.97325588528223,61.30656232362841
F,moderate intensity,73.41437349760443,74.69290330396848
F,high intensity,71.16867960717019,76.58460726899169
F,control,73.26523235672731,66.50243857689604
F,moderate intensity,72.21678275052038,67.00763616820032
F,high intensity,73.79665221869561,61.007356368701586
F,control,73.06345390742666,61.30828272932087
F,moderate intensity,73.76677537761087,68.97055397468534
F,high intensity,71.02767460934861,55.24221006502385
F,control,73.70882314184117,61.45236702401931
F,moderate intensity,71.20412913309944,68.23154735716858
F,high intensity,71.66977570657494,72.89768849263248
F,control,74.66558911007259,66.57405865327063
F,moderate intensity,72.27172980023798,76.62055533277692
F,high intensity,72.12570578502655,57.75617619275512
F,control,72.70905850492485,70.27370599308597
F,moderate intensity,72.34279004175264,78.48793364051522
F,high intensity,72.07400447049244,61.941875429959545
F,control,72.88428455571467,57.5676642558885
F,moderate intensity,71.59270826234659,65.49798134583227
F,high intensity,71.74755644821971,64.32671044563133
F,control,72.15752302660745,61.015149869475735
F,moderate intensity,73.60228995783973,72.37460757070566
F,high intensity,73.721405931496,55.36071790671928
F,control,71.55511542267588,60.69539761718704
F,moderate intensity,72.60466525628628,75.82109455444319
F,high intensity,71.56694644167833,68.80129542066851
F,control,71.68651669903645,64.17547947582418
F,moderate intensity,71.58805883065912,70.40450172407733
F,high intensity,72.24238070771028,65.90105665854178
F,control,71.69950611511553,65.01580902138514
F,moderate intensity,73.80699994586115,77.24531260883127
F,high intensity,73.56432627804752,61.98231147749939
F,control,71.57341935121306,59.88900467415282
F,moderate intensity,72.23686800684206,75.55537302387962
F,high intensity,73.46012642951462,60.21172383108172
F,control,72.20047056927167,58.11244483467393
F,moderate intensity,72.51211550086957,75.5207766360045
F,high intensity,74.98777886703269,71.19423802781668
F,control,71.87725173044937,58.90271186892933
F,moderate intensity,73.42837861867072,81.1589707643204
F,high intensity,73.29439601488626,51.8121683035453
F,control,71.9131378327305,58.70706964672898
F,moderate intensity,72.7435240641872,76.7521609579866
F,high intensity,72.60271381374834,66.46167025742847
F,control,72.94150179561,63.76545361166626
F,moderate intensity,71.5064258111129,75.81661531225137
F,high intensity,73.00067705802246,62.827594724478985
F,control,72.72041569199376,69.39329135409193
F,moderate intensity,73.25520669640107,72.4892284584211
F,high intensity,72.58750659711907,58.95532182718038
F,control,73.20579220349778,69.70931595082031
F,moderate intensity,72.12392594697116,70.17690434621635
F,high intensity,72.96122392151383,64.68368917582019
F,control,72.61618016684838,63.53789002342178
F,moderate intensity,72.74197620309111,78.79538877832752
F,high intensity,72.93369581290457,63.75400840217569
F,control,72.35566134819757,56.46029306311564
F,moderate intensity,71.71675313336118,76.10723651064467
F,high intensity,73.22934893640625,65.88228876663993
F,control,72.56542710178292,59.99120106266721
F,moderate intensity,73.48435811614996,64.03688343563051
F,high intensity,73.05617582624298,57.975375554240124
F,control,73.47060534031897,56.66667109236552
F,moderate intensity,72.73018784753084,75.80694237377624
F,high intensity,71.84209922332722,54.91991922465705
F,control,73.56396897183926,66.83195791983964
F,moderate intensity,73.46692700101877,69.40034024792544
F,high intensity,74.24751803106642,68.25521607095354
F,control,71.15265226451828,62.87316597163902
F,moderate intensity,72.52340029898639,73.6478358088027
F,high intensity,74.36084643397541,57.31122511895331
F,control,71.64904270182419,68.35947241664954
F,moderate intensity,74.5259335187963,68.80280580166999
F,high intensity,72.32114555423352,66.19161861326626
F,control,73.3849934883037,67.58077721708915
F,moderate intensity,73.4828297445571,76.22675554553842
F,high intensity,71.40068556869845,59.15787424962624
F,control,72.80404680233315,63.13398914981283
F,moderate intensity,71.10620861618544,68.92900020183414
F,high intensity,71.91551256650686,59.84111953032474
F,control,74.24590542717718,59.36433815858882
F,moderate intensity,72.0077635483262,74.26479042463187
F,high intensity,74.36416004445388,61.46159449876277
F,control,72.14821537379066,68.70010531671998
F,moderate intensity,72.64099150534138,68.07153805173945
F,high intensity,70.22188052300795,71.62693257581523
F,control,70.84342946138244,55.87894302453562
F,moderate intensity,73.32025132496216,78.44658115052533
F,high intensity,72.91247544421142,61.213388632666906
F,control,73.5948076916294,56.08799091618232
F,moderate intensity,74.03946752047739,76.68659069747298
F,high intensity,73.13344506658058,65.79520276314236
F,control,72.14223800723715,67.83315896454496
F,moderate intensity,72.26994608951996,65.21024102519544
F,high intensity,71.78489566438144,63.51688616184439
F,control,71.276058154591,62.88479664335658
F,moderate intensity,74.04045103423528,69.8573995884638
F,high intensity,74.82958346502717,55.718550582444855
F,control,72.96701113784063,55.999891347064406
F,moderate intensity,72.29715525061809,72.4789457107398
F,high intensity,71.03022482142424,58.260502140645094
F,control,72.52832902619623,57.37376807702831
F,moderate intensity,72.46446005520374,77.96399341743268
F,high intensity,72.14447670502993,65.42567598866756
F,control,72.41093476719514,67.73109678998452
F,moderate intensity,72.92326183053687,71.92818946965222
F,high intensity,73.36345464445067,59.04498076239629
F,control,72.63594749003444,65.03734134425241
F,moderate intensity,73.1368116758765,79.3908285131414
F,high intensity,73.35349453449797,56.2968681439875
F,control,73.65164765793384,66.83513292569123
F,moderate intensity,73.87558592823042,75.34673925621422
F,high intensity,74.21662988615577,60.83776701740326
F,control,73.6332031590254,62.268344768568994
F,moderate intensity,72.51226951662703,75.56446334728203
F,high intensity,71.17267402196917,60.50995404798999
F,control,73.56330105586333,58.67189267489121
F,moderate intensity,71.11330149039365,73.74110543467945
F,high intensity,72.03109577302564,56.80863509766719
F,control,73.45320721982759,60.9833756586171
F,moderate intensity,72.13290156777023,70.44866273089981
F,high intensity,73.07003340060139,67.10654933552149
F,control,72.037399932695,57.583560041012646
F,moderate intensity,73.67886798620322,81.36668354439541
F,high intensity,70.49881758961841,62.38764779916028
F,control,71.82640396044985,62.6349375215517
F,moderate intensity,72.8922969119717,74.5660379061464
F,high intensity,72.8719143950823,74.60526622677907
F,control,72.62283470183381,60.88741523364481
F,moderate intensity,72.49327114007937,77.36967104314738
F,high intensity,72.291004314035,64.27327402915287
F,control,73.2936733978153,66.97040114394186
F,moderate intensity,75.2266028393454,73.35876863396409
F,high intensity,73.31430739549707,58.062207148528564
F,control,72.86387628084827,66.26520575699449
F,moderate intensity,74.15453991333281,79.31099898286483
F,high intensity,72.06832506449072,62.36806885844196
F,control,73.38904371554261,61.92069833132951
F,moderate intensity,73.3220866370143,78.20942518175583
F,high intensity,72.84608098258349,68.46417805352824
F,control,71.27941217347512,72.2717992665375
F,moderate intensity,72.60346420754493,66.74356338999993
F,high intensity,71.92826129818893,64.66294318086497
F,control,74.45798198821802,60.41103949837716
F,moderate intensity,72.41871598287283,69.85649590515747
F,high intensity,72.25526386969702,69.14438431920136
F,control,72.16802550414862,70.82791910744979
F,moderate intensity,73.24973136764707,70.73133015850135
F,high intensity,72.07636925449899,69.14802353866423
F,control,73.66579661922934,63.00169452515179
F,moderate intensity,72.58048013117552,78.52186487609305
F,high intensity,72.77371978358273,56.17259069376138
F,control,72.9510359285162,62.28998056042702
F,moderate intensity,72.13692320689225,73.55169425116624
F,high intensity,72.06760879612297,49.83929431224971
F,control,71.99621779884575,70.27409346039904
F,moderate intensity,73.31035014644054,69.04143466427777
F,high intensity,70.56462708482451,61.210319367776506
F,control,73.72702715941463,64.57497138339897
F,moderate intensity,72.32317799894028,76.85112006359618
F,high intensity,72.15141511947265,58.829590947837886
F,control,71.90802184018581,62.968819803072506
F,moderate intensity,73.34606608624271,81.21570550465194
F,high intensity,73.7054743847865,55.94713895749538
F,control,72.20171841311658,74.43565673571968
F,moderate intensity,72.30163116418125,78.95770149683545
F,high intensity,72.66152052318361,66.7157172753202
F,control,73.16508613168551,54.72831911225215
F,moderate intensity,73.3688444329496,62.909359844066785
F,high intensity,72.30049305948666,63.03250797812646
F,control,75.0338353230128,63.715539430276976
F,moderate intensity,71.667683196972,62.566240508789114
F,high intensity,71.86114553317067,66.7317782784671
F,control,74.36423857442576,57.286808787449836
F,moderate intensity,72.18364994069832,68.35865869023857
F,high intensity,74.19381549274615,67.71705941648379
F,control,74.78194114571697,63.47299935092078
F,moderate intensity,73.43627631509518,70.96426885947324
F,high intensity,73.30255147118257,70.36787226815005
F,control,74.20394206231653,66.00360023678958
F,moderate intensity,72.4221339036094,82.46294342787563
F,high intensity,73.71244267460128,66.58534183767556
F,control,71.82115392177317,66.34521233155807
F,moderate intensity,73.61683898961289,77.53308560474863
F,high intensity,73.48326939962523,71.62651371466049
F,control,72.96416292225197,67.39001039582197
F,moderate intensity,74.01972435876473,81.67868473457892
F,high intensity,71.489764598247,66.75312965878555
F,control,73.7088020918477,61.2779829958176
F,moderate intensity,71.77380274935781,79.33737516672977
F,high intensity,73.24358020182282,81.19605121394196
F,control,74.83447588231336,58.70734966728984
F,moderate intensity,73.59196939999278,75.2995388084091
F,high intensity,73.65026617582463,65.87040436915464
F,control,72.07786703355866,60.455172347276964
F,moderate intensity,74.64137151198301,81.1205942799998
F,high intensity,72.30712809680476,64.37929744641609
F,control,74.56416705890521,61.10750923161962
F,moderate intensity,70.94741967011315,73.86729897658513
F,high intensity,71.16642221012746,55.022098504634094
F,control,72.5475648598271,64.11989497887565
F,moderate intensity,73.90084723371064,78.65036506037875
F,high intensity,73.45399646222275,58.9586649851061
F,control,73.5335505755097,65.10114743671595
F,moderate intensity,71.44485720145676,65.01837059319057
F,high intensity,74.26910947139496,54.96570327640913
F,control,73.0197162462122,55.443550904727005
F,moderate intensity,73.6528333891586,69.90203731880969
F,high intensity,72.95865233219632,62.94353063415309
F,control,72.9765483812806,67.06239998214913
F,moderate intensity,72.56587388330357,70.88064236588048
F,high intensity,71.3205784793587,58.44629268771052
F,control,71.95451047478267,63.54372831375302
F,moderate intensity,73.00744220299106,73.73899350459541
F,high intensity,74.14488874675551,56.04319186957745
F,control,71.08980596165276,56.79537154899329
F,moderate intensity,71.97492775166792,72.31945049054049
F,high intensity,72.55686262881262,68.10788199090211
F,control,71.88469970526324,72.07873208755684
F,moderate intensity,73.88255635203363,75.5282173433226
F,high intensity,73.40578812772486,60.04672641573521
F,control,71.53648782324902,57.199284484440405
F,moderate intensity,74.68182060327425,73.49978793939374
F,high intensity,71.37814626014298,59.420484641950026
F,control,71.5117325327179,55.22796571928096
F,moderate intensity,72.97917926599598,60.04566772952646
F,high intensity,72.4195643350673,65.32897180841309
F,control,73.51579133553933,54.730818042583245
F,moderate intensity,72.32956903319725,81.4823663829606
F,high intensity,72.06479601065503,61.53309663788909
F,control,73.72360171328644,54.868125513217265
F,moderate intensity,71.79664894137709,74.96068592062201
F,high intensity,73.27724642712408,60.82218087751221
F,control,73.10553826747976,71.4500391033636
F,moderate intensity,69.62759401841573,68.4960133422941
F,high intensity,73.36076172542019,62.35505559811719
F,control,73.59707444432185,75.01047521118434
F,moderate intensity,72.9516586116178,81.09936071067924
F,high intensity,74.66103548200931,67.45625610497261
F,control,72.40606929300775,64.73532287581855
F,moderate intensity,71.73586074963248,70.78123978233515
F,high intensity,72.05514794735481,51.76137061261631
F,control,74.27974312737211,67.60703885098818
F,moderate intensity,70.20503965989558,83.4788521449023
F,high intensity,73.76626992194996,63.628502913489115
F,control,73.60463391503937,65.7238454491233
F,moderate intensity,70.185990880758,77.26743536223482
F,high intensity,72.27377589631344,61.99292362642719
F,control,71.66498050700609,66.89784118942565
F,moderate intensity,73.59619482966299,67.23855349723408
F,high intensity,72.96377837562179,68.69533340331738
F,control,73.62777540182529,56.75108731846714
F,moderate intensity,73.57626483758716,66.19958042597752
F,high intensity,72.54506515315532,78.38088374486244
F,control,72.10743754135059,65.59040106556404
F,moderate intensity,71.2101795618203,71.51409585446078
F,high intensity,71.22755173083917,48.15789627579568
F,control,74.57587398067665,58.678978254492726
F,moderate intensity,73.07594179600194,73.97391070000492
F,high intensity,71.24014402648393,62.251317431776414
F,control,73.09310600196685,58.106337288569705
F,moderate intensity,72.57063918405822,72.69879175316582
F,high intensity,72.81780425563917,56.12241122887426
F,control,71.55108788729562,54.708190927198935
F,moderate intensity,72.66845861581207,72.5442639079283
F,high intensity,72.38434863487593,69.81683384699255
F,control,73.8782805342356,58.996944411368275
F,moderate intensity,74.72953124803266,70.57157970725028
F,high intensity,72.00152511078994,63.42752198396916
F,control,72.22469154186537,63.41134425181584
F,moderate intensity,72.67443095507988,68.23954284241071
F,high intensity,71.68663080549929,61.19121176285668
F,control,75.10571808000046,66.39083093849177
F,moderate intensity,72.00773347262354,70.77566569467398
F,high intensity,72.16554179378304,54.14139120140355
F,control,73.09284016911384,71.01499309775775
F,moderate intensity,73.41921683698223,67.88594964667068
F,high intensity,72.13211712809291,58.659345162009686
F,control,70.46870276893873,64.73229599561763
F,moderate intensity,73.85247767508342,76.30346000670599
F,high intensity,73.99820931325978,63.3344114955379
F,control,73.19940781383247,67.60399429596646
F,moderate intensity,71.9379650700345,70.6100061821473
F,high intensity,73.11510479401133,57.17590140311305
F,control,72.00657477132967,60.16548467240114
F,moderate intensity,72.87862595553123,75.09693126203469
F,high intensity,72.83907811962612,67.25865151474049
F,control,72.11434022302127,64.31983367003858
F,moderate intensity,72.80338140317517,63.85107733206997
F,high intensity,71.91603592291936,68.58205096913548
F,control,74.20470290010998,52.17914909491252
F,moderate intensity,72.63095504341159,72.04856735383537
F,high intensity,71.36667936429266,60.023563971341744
F,control,72.21167277611428,58.977621196320506
F,moderate intensity,72.97774424660983,84.51884410333969
F,high intensity,73.00879140030956,70.2390749072089
F,control,72.91627349611592,60.76736051732529
F,moderate intensity,73.35214409860103,74.0917256771081
F,high intensity,73.52667423177986,58.598684354265835
F,control,74.62731176530514,68.785421012904
F,moderate intensity,73.22013014219901,61.48515121926739
F,high intensity,71.2761270561294,62.39058663458707
F,control,72.49258415078972,63.23550544279635
F,moderate intensity,71.69727532375138,74.70372248795724
F,high intensity,74.65656069367672,76.68958810063624
F,control,72.24654599801984,58.18737865238607
F,moderate intensity,74.19678306756975,69.45183498146345
F,high intensity,72.73908183212204,68.43858687409158
F,control,73.58145810614081,63.07999916272359
F,moderate intensity,73.10131123436865,67.88410321517354
F,high intensity,74.33256446782377,60.19885700878296
F,control,72.26225426702788,58.667572027062995
F,moderate intensity,72.98926696351569,66.63812267933253
F,high intensity,73.73673572665719,66.03627250273009
F,control,74.48843618388128,62.2947962445245
F,moderate intensity,73.79932594264905,63.68273185386977
F,high intensity,73.39406755340086,65.10180368047337
F,control,71.57758189269389,59.417325616811766
F,moderate intensity,72.73382100206905,72.27489076697279
F,high intensity,74.84538570323221,67.95491044180365
F,control,71.90745704772806,60.99718381973195
F,moderate intensity,71.14513563141068,76.49878903609336
F,high intensity,72.07428538143876,63.68395034417753
F,control,71.53088598768971,63.00658033956874
F,moderate intensity,73.30257313480156,72.95746281030073
F,high intensity,72.20678080605802,66.38196132958949
F,control,72.4541893302899,61.73984773456511
F,moderate intensity,73.78526313882612,72.18929582875953
F,high intensity,71.90237571065408,58.88390853483991
F,control,73.09196805602826,54.45805561311685
F,moderate intensity,72.47552890863047,63.70947314768543
F,high intensity,73.06809693443981,57.2787655045455
F,control,71.99898617439159,65.81613792361486
F,moderate intensity,70.99509967998655,75.433169377577
F,high intensity,72.69705007252779,59.83619796881073
F,control,72.30788450903613,66.08963761829675
F,moderate intensity,72.75688681958924,72.95353734209283
F,high intensity,74.42565949726675,60.31617344311528
F,control,70.74461667687432,62.51474451900667
F,moderate intensity,71.32915211301572,75.87558555054298
F,high intensity,70.97641351922744,65.00057906250336
F,control,73.1522415208129,64.60022066872206
F,moderate intensity,72.65813447040723,63.66179052411326
F,high intensity,72.22923083623895,59.079903472534745
F,control,73.68215684071666,66.6609029491497
F,moderate intensity,73.2220860733905,75.27860789325469
F,high intensity,73.38134173462224,59.83397523481817
F,control,72.5120991030354,70.46545549195237
F,moderate intensity,71.59881578147329,76.63883164328803
F,high intensity,71.5394229188939,56.941280885635486
F,control,74.30954735485037,64.45178799601885
F,moderate intensity,72.2142061988833,70.75936752414168
F,high intensity,72.47522091546404,61.05957896056092
F,control,70.84626400842414,56.15702078690582
F,moderate intensity,73.31686641253121,74.26219836516009
F,high intensity,71.64006785212388,66.57304766011946
F,control,71.68978928116518,56.01521092397438
F,moderate intensity,75.03423571315444,69.52837252545949
F,high intensity,72.76493539795445,73.1071654286391
F,control,70.82610908345261,55.2297657858113
F,moderate intensity,72.59722241812705,68.44246784471206
F,high intensity,71.80259299547141,65.50243012364194
F,control,75.04992927858659,60.176762641055426
F,moderate intensity,73.10477847585642,70.93477284977877
F,high intensity,71.07374185368545,63.052271664972515
F,control,72.70883598976773,60.30095631569966
F,moderate intensity,72.14966921756482,74.36196350441092
F,high intensity,70.78305935132384,55.10002944002791
F,control,73.06448290783605,67.89197300926264
F,moderate intensity,74.08220009989644,73.02592832625223
F,high intensity,72.11910531506346,66.91865770893946
F,control,73.93576322895164,63.21666769529831
F,moderate intensity,73.12164369288922,70.39596680978447
F,high intensity,75.28307617026312,67.16885880446631
F,control,72.95977822211631,61.46806302567209
F,moderate intensity,73.25025629577432,78.60365061853855
F,high intensity,71.42919151754161,64.56292255522838
F,control,71.79597673978594,64.0809377192199
F,moderate intensity,72.26134303300785,75.2237907217579
F,high intensity,71.796700591295,59.564665093780604
F,control,73.61496543122841,53.49661597258546
F,moderate intensity,73.40614335392397,81.11734560241307
F,high intensity,71.24744724009179,73.79543189153146
F,control,71.84298894547867,57.72950787434632
F,moderate intensity,71.5971764652344,73.85957507008206
F,high intensity,74.23320786380677,62.81671438810305
F,control,73.26742664097992,65.9872088261937
F,moderate intensity,73.81519871087755,74.31575652070799
F,high intensity,72.98738657096145,64.60264076309602
F,control,70.8454138680956,65.40885631607648
F,moderate intensity,71.52741569414692,69.8269236876443
F,high intensity,73.39929262371037,57.88127957493786
F,control,72.32797328423771,64.8198771404452
F,moderate intensity,72.12225750633935,82.14109127895927
F,high intensity,73.92645651940256,72.70799530830976
F,control,72.92641717111039,57.34411746915854
F,moderate intensity,72.54026867547482,74.43104970470159
F,high intensity,72.46864381519913,59.40732081063953
F,control,71.45391012005108,73.44508204261469
F,moderate intensity,72.4960459525399,76.45392822223366
F,high intensity,73.10475534407387,61.02822217078766
F,control,73.46012261042601,66.10882049460709
F,moderate intensity,72.60318468785736,77.52003606048817
F,high intensity,73.56020170434503,60.438891286924225
F,control,73.42473872479464,64.48739848112076
F,moderate intensity,72.69006638323086,74.60147613515586
F,high intensity,74.3474001789682,63.30211988300564
F,control,71.23715359898682,57.34301647382795
F,moderate intensity,71.69745888492554,73.3155542901839
F,high intensity,72.73425085900344,64.16643468965975
F,control,75.01785415725993,71.77142264346057
F,moderate intensity,72.48395351522596,69.6871409811293
F,high intensity,73.04003493875413,65.30865821478803
F,control,70.51218997400156,69.94881381035935
F,moderate intensity,72.53085200369205,69.49932665921597
F,high intensity,72.89085813496794,61.88476245515077
F,control,73.8685417836297,52.93863342802345
F,moderate intensity,73.24942626107425,74.35598230916644
F,high intensity,72.03233146701636,54.39897623128147
F,control,74.57713003183319,59.52511725204456
F,moderate intensity,72.83989571559387,74.21153766859175
F,high intensity,73.05956703951254,70.49528976223819
F,control,73.22139784778666,60.81435725425774
F,moderate intensity,71.59677435563329,76.95718966387967
F,high intensity,74.73311513810877,66.62249445907172
F,control,74.01313104399449,60.73010773212153
F,moderate intensity,71.54521782121144,69.71742584528148
F,high intensity,71.42311109659855,59.00699541790915
F,control,73.65732244038837,58.262605343239734
F,moderate intensity,72.0132339495721,67.22878667774907
F,high intensity,73.80348727740777,62.975988172975505
F,control,71.98088303050086,65.59004561918381
F,moderate intensity,72.83201883543056,76.82268504308419
F,high intensity,73.54516244395798,67.34483488523071
